,type,fixed acidity,volatile acidity,citric acid,residual sugar,chlorides,free sulfur dioxide,total sulfur dioxide,density,pH,sulphates,alcohol,quality,logit_score
971,white,6.0,0.27,0.19,1.7,0.02,24.0,110.0,0.9898,3.32,0.47,12.6,7,1
4305,white,5.9,0.25,0.24,7.4,0.044000000000000004,21.0,113.0,0.9946200000000001,3.38,0.58,10.5,6,0
5597,red,11.8,0.38,0.55,2.1,0.071,5.0,19.0,0.9986,3.11,0.62,10.8,6,0
2755,white,6.6,0.34,0.18,6.4,0.08199999999999999,47.0,240.0,0.9971,3.42,0.48,9.2,5,0
5664,red,8.8,0.59,0.18,2.9,0.08900000000000001,12.0,74.0,0.9973799999999999,3.14,0.54,9.4,5,0
2690,white,6.9,0.3,0.25,3.3,0.040999999999999995,26.0,124.0,0.9942799999999999,3.18,0.5,9.3,6,0
3970,white,6.7,0.18,0.31,10.6,0.035,42.0,143.0,0.99572,3.08,0.49,9.8,7,1
2087,white,8.3,0.17,0.31,1.5,0.049,48.0,153.0,0.9942,3.12,0.58,9.4,6,0
325,white,7.5,0.27,0.31,5.8,0.057,131.0,313.0,0.9946,3.18,0.59,10.5,5,0
90,white,7.2,0.39,0.63,11.0,0.044000000000000004,55.0,156.0,0.9974,3.09,0.44,8.7,6,0
5032,red,7.9,1.04,0.05,2.2,0.084,13.0,29.0,0.9959,3.22,0.55,9.9,6,0
6416,red,7.4,0.47,0.46,2.2,0.114,7.0,20.0,0.9964700000000001,3.32,0.63,10.5,5,0
4176,white,6.8,0.24,0.33,3.2,0.049,68.0,161.0,0.99324,3.1,0.69,10.2,6,0
919,white,8.6,0.18,0.4,1.1,0.04,20.0,107.0,0.9923,2.94,0.32,10.2,7,1
3786,white,7.4,0.29,0.48,12.8,0.037000000000000005,61.5,182.0,0.99808,3.02,0.34,8.8,5,0
1066,white,6.4,0.3,0.51,5.5,0.048,62.0,172.0,0.9942,3.08,0.45,9.1,6,0
412,white,7.2,0.19,0.39,1.2,0.036000000000000004,32.0,85.0,0.9918,3.16,0.5,10.5,5,0
6433,red,7.0,0.55,0.13,2.2,0.075,15.0,35.0,0.9959,3.36,0.59,9.7,6,0
5741,red,7.1,0.685,0.35,2.0,0.08800000000000001,9.0,92.0,0.9963,3.28,0.62,9.4,5,0
942,white,5.4,0.415,0.19,1.6,0.039,27.0,88.0,0.99265,3.54,0.41,10.0,7,1
1757,white,6.9,0.29,0.23,8.6,0.055999999999999994,56.0,215.0,0.9967,3.17,0.44,8.8,5,0
1545,white,7.9,0.12,0.49,5.2,0.049,33.0,152.0,0.9952,3.18,0.47,10.6,6,0
6026,red,10.0,0.43,0.33,2.7,0.095,28.0,89.0,0.9984,3.22,0.68,10.0,5,0
2856,white,5.6,0.18,0.58,1.25,0.034,29.0,129.0,0.9898399999999999,3.51,0.6,12.0,7,1
6068,red,9.2,0.36,0.34,1.6,0.062,5.0,12.0,0.9966700000000001,3.2,0.67,10.5,6,0
2397,white,6.5,0.19,0.27,4.9,0.037000000000000005,13.0,101.0,0.9916,3.17,0.41,11.8,6,0
2659,white,7.1,0.15,0.34,1.0,0.033,27.0,73.0,0.98974,3.24,0.41,12.2,6,0
1081,white,6.3,0.27,0.25,5.8,0.038,52.0,155.0,0.995,3.28,0.38,9.4,6,0
2258,white,7.6,0.48,0.28,10.4,0.049,57.0,205.0,0.9974799999999999,3.24,0.45,9.3,5,0
4482,white,6.2,0.3,0.33,3.5,0.037000000000000005,37.0,155.0,0.98987,3.18,0.37,12.4,6,0
4754,white,6.4,0.19,0.35,10.2,0.043,40.0,106.0,0.9963200000000001,3.16,0.5,9.7,6,0
1282,white,7.4,0.31,0.74,10.7,0.039,51.0,147.0,0.9977,3.02,0.43,8.7,5,0
2240,white,7.2,0.29,0.18,8.2,0.042,41.0,180.0,0.99644,3.16,0.49,9.1,5,0
510,white,6.7,0.27,0.12,1.3,0.040999999999999995,62.0,138.0,0.9921,3.21,0.42,10.0,6,0
4533,white,6.1,0.25,0.18,10.5,0.049,41.0,124.0,0.9963,3.14,0.35,10.5,5,0
4907,red,7.5,0.5,0.36,6.1,0.071,17.0,102.0,0.9978,3.35,0.8,10.5,5,0
1442,white,8.0,0.25,0.49,1.2,0.061,27.0,117.0,0.9938,3.08,0.34,9.4,5,0
452,white,5.9,0.46,0.14,2.7,0.042,27.0,160.0,0.9931,3.46,0.51,10.6,7,1
5352,red,7.0,0.23,0.4,1.6,0.063,21.0,67.0,0.9952,3.5,0.63,11.1,5,0
5648,red,8.3,0.65,0.1,2.9,0.08900000000000001,17.0,40.0,0.99803,3.29,0.55,9.5,5,0
4706,white,6.1,0.22,0.4,1.85,0.031,25.0,111.0,0.98966,3.03,0.3,11.8,7,1
1836,white,7.0,0.19,0.23,5.7,0.12300000000000001,27.0,104.0,0.9954,3.04,0.54,9.4,6,0
3893,white,7.0,0.34,0.1,3.5,0.044000000000000004,17.0,63.0,0.9937,3.01,0.39,9.2,5,0
598,white,5.9,0.27,0.29,11.4,0.036000000000000004,31.0,115.0,0.9949,3.35,0.48,10.5,8,1
2645,white,6.7,0.12,0.3,5.2,0.048,38.0,113.0,0.9935200000000001,3.33,0.44,10.1,7,1
3424,white,6.4,0.32,0.27,4.9,0.034,18.0,122.0,0.9916,3.36,0.71,12.5,6,0
192,white,6.8,0.28,0.36,8.0,0.045,28.0,123.0,0.9928,3.02,0.37,11.4,6,0
2485,white,8.0,0.28,0.32,7.6,0.045,61.0,204.0,0.9954299999999999,3.1,0.55,10.1,6,0
6272,red,6.8,0.815,0.0,1.2,0.267,16.0,29.0,0.99471,3.32,0.51,9.8,3,0
1052,white,7.6,0.29,0.42,1.3,0.035,18.0,86.0,0.9908,2.99,0.39,11.3,5,0
3532,white,7.2,0.23,0.46,6.4,0.036000000000000004,17.0,85.0,0.99279,3.1,0.78,11.7,6,0
5129,red,8.0,0.38,0.06,1.8,0.078,12.0,49.0,0.99625,3.37,0.52,9.9,6,0
3252,white,7.1,0.26,0.37,5.5,0.025,31.0,105.0,0.99082,3.06,0.33,12.6,8,1
4372,white,7.1,0.23,0.23,3.5,0.038,23.0,112.0,0.9915700000000001,3.05,0.37,11.36666667,6,0
2952,white,6.1,0.27,0.25,1.8,0.040999999999999995,9.0,109.0,0.9929,3.08,0.54,9.0,5,0
1569,white,6.7,0.3,0.74,5.0,0.038,35.0,157.0,0.9945,3.21,0.46,9.9,5,0
3660,white,5.8,0.32,0.28,4.3,0.032,46.0,115.0,0.98946,3.16,0.57,13.0,8,1
1831,white,7.4,0.49,0.24,15.1,0.03,34.0,153.0,0.9953,3.13,0.51,12.0,7,1
1846,white,7.6,0.26,0.58,7.9,0.040999999999999995,62.0,180.0,0.9966,3.07,0.38,9.0,5,0
5222,red,10.0,0.49,0.2,11.0,0.071,13.0,50.0,1.0015,3.16,0.69,9.2,6,0
500,white,7.2,0.28,0.54,16.7,0.045,54.0,200.0,0.9990000000000001,3.08,0.49,9.5,6,0
1879,white,7.2,0.2,0.61,16.2,0.043,14.0,103.0,0.9987,3.06,0.36,9.2,6,0
4432,white,6.7,0.24,0.26,5.4,0.03,15.0,94.0,0.99045,3.15,0.38,12.7,6,0
3427,white,5.8,0.24,0.26,10.05,0.039,63.0,162.0,0.99375,3.33,0.5,11.2,6,0
6354,red,6.0,0.54,0.06,1.8,0.05,38.0,89.0,0.99236,3.3,0.5,10.55,6,0
4247,white,6.6,0.36,0.47,1.4,0.145,26.0,124.0,0.99274,3.09,0.56,10.1,6,0
2577,white,6.7,0.25,0.36,8.6,0.037000000000000005,63.0,206.0,0.9955299999999999,3.18,0.5,9.6,5,0
417,white,6.8,0.26,0.22,7.7,0.047,57.0,210.0,0.9959,3.1,0.47,9.0,5,0
4602,white,6.4,0.17,0.34,13.4,0.044000000000000004,45.0,139.0,0.9975200000000001,3.06,0.43,9.1,6,0
4650,white,5.6,0.695,0.06,6.8,0.042,9.0,84.0,0.9943200000000001,3.44,0.44,10.2,5,0
3816,white,6.8,0.41,0.3,8.8,0.045,28.0,131.0,0.9953,3.12,0.59,9.9,5,0
72,white,6.0,0.27,0.28,4.8,0.063,31.0,201.0,0.9964,3.69,0.71,10.0,5,0
314,white,5.8,0.34,0.21,6.6,0.04,50.0,167.0,0.9941,3.29,0.62,10.0,5,0
3659,white,5.4,0.53,0.16,2.7,0.036000000000000004,34.0,128.0,0.98856,3.2,0.53,13.2,8,1
1559,white,8.8,0.35,0.49,1.0,0.036000000000000004,14.0,56.0,0.992,2.96,0.33,10.5,4,0
527,white,6.1,0.28,0.22,1.8,0.034,32.0,116.0,0.9898,3.36,0.44,12.6,6,0
2640,white,7.4,0.2,0.37,1.2,0.027999999999999997,28.0,89.0,0.9913200000000001,3.14,0.61,11.8,6,0
1253,white,7.3,0.25,0.41,1.8,0.037000000000000005,52.0,165.0,0.9911,3.29,0.39,12.2,7,1
1246,white,8.0,0.2,0.4,5.2,0.055,41.0,167.0,0.9953,3.18,0.4,10.6,7,1
1386,white,5.6,0.49,0.13,4.5,0.039,17.0,116.0,0.9907,3.42,0.9,13.7,7,1
1695,white,7.2,0.21,0.33,3.0,0.036000000000000004,35.0,132.0,0.9928,3.25,0.4,11.0,6,0
388,white,6.7,0.21,0.32,5.4,0.047,29.0,140.0,0.995,3.39,0.46,9.7,6,0
3442,white,5.9,0.27,0.27,5.0,0.035,14.0,97.0,0.9905799999999999,3.1,0.33,11.8,7,1
6154,red,7.5,0.59,0.22,1.8,0.08199999999999999,43.0,60.0,0.9949899999999999,3.1,0.42,9.2,5,0
591,white,7.3,0.2,0.37,1.2,0.037000000000000005,48.0,119.0,0.992,3.32,0.49,10.9,6,0
4471,white,6.2,0.2,0.28,1.1,0.039,24.0,78.0,0.9899,3.36,0.47,12.1,6,0
841,white,8.7,0.23,0.32,13.4,0.044000000000000004,35.0,169.0,0.99975,3.12,0.47,8.8,7,1
261,white,6.9,0.29,0.4,19.45,0.043,36.0,156.0,0.9996,2.93,0.47,8.9,5,0
5611,red,8.0,0.43,0.36,2.3,0.075,10.0,48.0,0.9976,3.34,0.46,9.4,5,0
5144,red,7.1,0.68,0.07,1.9,0.075,16.0,51.0,0.99685,3.38,0.52,9.5,5,0
1821,white,7.4,0.29,0.31,1.7,0.035,23.0,110.0,0.9926,3.07,0.38,10.9,5,0
707,white,7.2,0.18,0.45,4.4,0.046,57.0,166.0,0.9943,3.13,0.62,11.2,6,0
4711,white,5.4,0.205,0.16,12.55,0.051,31.0,115.0,0.99564,3.4,0.38,10.8,6,0
5585,red,9.1,0.64,0.23,3.1,0.095,13.0,38.0,0.9998,3.28,0.59,9.7,5,0
2819,white,6.0,0.21,0.34,2.0,0.042,63.0,123.0,0.9905200000000001,3.44,0.42,11.4,6,0
5572,red,10.8,0.4,0.41,2.2,0.084,7.0,17.0,0.9984,3.08,0.67,9.3,6,0
3389,white,6.6,0.24,0.3,11.3,0.026000000000000002,11.0,77.0,0.9938100000000001,3.13,0.55,12.8,7,1
5421,red,9.3,0.4,0.49,2.5,0.085,38.0,142.0,0.9978,3.22,0.55,9.4,5,0
1626,white,9.0,0.22,0.49,10.4,0.048,52.0,195.0,0.9987,3.31,0.44,10.2,6,0
1440,white,7.2,0.26,0.74,13.6,0.05,56.0,162.0,0.998,3.03,0.44,8.8,5,0
2416,white,7.0,0.16,0.26,6.85,0.047,30.0,220.0,0.9962200000000001,3.38,0.58,10.1,6,0
4023,white,7.6,0.19,0.37,13.1,0.033,52.0,151.0,0.99726,3.18,0.79,10.4,6,0
6013,red,7.0,0.69,0.07,2.5,0.091,15.0,21.0,0.99572,3.38,0.6,11.3,6,0
726,white,6.4,0.24,0.31,2.8,0.038,41.0,114.0,0.99155,3.37,0.66,11.7,7,1
4617,white,5.2,0.5,0.18,2.0,0.036000000000000004,23.0,129.0,0.98949,3.36,0.77,13.4,7,1
5659,red,9.3,0.655,0.26,2.0,0.096,5.0,35.0,0.9973799999999999,3.25,0.42,9.6,5,0
4057,white,6.6,0.17,0.36,1.9,0.036000000000000004,38.0,110.0,0.99056,3.05,0.54,11.4,6,0
5159,red,7.0,0.975,0.04,2.0,0.087,12.0,67.0,0.99565,3.35,0.6,9.4,4,0
5050,red,7.5,0.6,0.03,1.8,0.095,25.0,99.0,0.995,3.35,0.54,10.1,5,0
4563,white,5.6,0.26,0.27,10.6,0.03,27.0,119.0,0.9947,3.4,0.34,10.7,7,1
4508,white,5.8,0.26,0.3,2.6,0.034,75.0,129.0,0.9902,3.2,0.38,11.5,4,0
1835,white,8.0,0.55,0.42,12.6,0.21100000000000002,37.0,213.0,0.9988,2.99,0.56,9.3,5,0
2516,white,7.1,0.32,0.29,4.0,0.038,33.0,170.0,0.9946299999999999,3.27,0.64,10.2,6,0
2678,white,7.1,0.31,0.17,1.0,0.042,21.0,144.0,0.9930399999999999,3.13,0.4,9.6,5,0
5631,red,7.0,0.45,0.34,2.7,0.08199999999999999,16.0,72.0,0.998,3.55,0.6,9.5,5,0
3928,white,6.6,0.32,0.47,15.6,0.063,27.0,173.0,0.99872,3.18,0.56,9.0,5,0
4190,white,7.0,0.22,0.3,1.4,0.04,14.0,63.0,0.98985,3.2,0.33,12.0,6,0
2531,white,6.7,0.54,0.27,7.1,0.049,8.0,178.0,0.9950200000000001,3.16,0.38,9.4,4,0
2172,white,6.9,0.32,0.13,7.8,0.042,11.0,117.0,0.996,3.23,0.37,9.2,5,0
4362,white,6.2,0.24,0.27,2.9,0.039,30.0,123.0,0.98959,3.12,0.37,12.8,6,0
4004,white,6.5,0.38,0.26,5.2,0.042,33.0,112.0,0.99067,3.06,0.5,12.3,7,1
6230,red,8.4,0.39,0.1,1.7,0.075,6.0,25.0,0.9958100000000001,3.09,0.43,9.7,6,0
3726,white,4.8,0.17,0.28,2.9,0.03,22.0,111.0,0.9902,3.38,0.34,11.3,7,1
5165,red,7.9,0.35,0.46,3.6,0.078,15.0,37.0,0.9973,3.35,0.86,12.8,8,1
151,white,7.6,0.18,0.46,10.2,0.055,58.0,135.0,0.9968,3.14,0.43,9.9,6,0
1041,white,7.7,0.275,0.3,1.0,0.039,19.0,75.0,0.992,3.01,0.56,10.7,5,0
4085,white,7.4,0.26,0.29,3.7,0.048,14.0,73.0,0.9915,3.06,0.45,11.4,6,0
735,white,6.4,0.25,0.3,5.5,0.038,15.0,129.0,0.9948,3.14,0.49,9.6,6,0
4541,white,6.0,0.23,0.34,1.3,0.025,23.0,111.0,0.98961,3.36,0.37,12.7,6,0
2961,white,6.9,0.23,0.41,8.0,0.03,30.0,114.0,0.9936799999999999,3.22,0.54,11.0,6,0
5854,red,9.0,0.36,0.52,2.1,0.111,5.0,10.0,0.9956799999999999,3.31,0.62,11.3,6,0
6146,red,6.9,0.41,0.33,2.2,0.081,22.0,36.0,0.9949,3.41,0.75,11.1,6,0
6345,red,6.8,0.67,0.0,1.9,0.08,22.0,39.0,0.9970100000000001,3.4,0.74,9.7,5,0
5606,red,7.8,0.545,0.12,2.5,0.068,11.0,35.0,0.996,3.34,0.61,11.6,6,0
3618,white,7.1,0.27,0.24,12.6,0.044000000000000004,48.0,118.0,0.99726,3.04,0.56,10.0,7,1
3420,white,7.6,0.28,0.49,20.15,0.06,30.0,145.0,1.00196,3.01,0.44,8.5,5,0
4025,white,6.2,0.32,0.45,2.9,0.028999999999999998,37.0,94.0,0.98998,3.25,0.6,12.4,6,0
250,white,5.9,0.21,0.28,4.6,0.053,40.0,199.0,0.9964,3.72,0.7,10.0,4,0
4618,white,6.1,0.44,0.28,4.25,0.032,43.0,132.0,0.9916,3.26,0.47,11.3,7,1
4197,white,6.3,0.3,0.48,7.4,0.053,34.0,149.0,0.99472,3.18,0.53,9.8,5,0
4051,white,6.8,0.3,0.27,11.6,0.027999999999999997,22.0,97.0,0.9931399999999999,2.96,0.38,11.7,6,0
4289,white,6.6,0.26,0.27,11.8,0.048,28.0,112.0,0.9960600000000001,2.87,0.49,9.7,6,0
1817,white,7.2,0.5,0.0,0.8,0.034,46.0,114.0,0.9932,3.19,0.34,9.2,4,0
3936,white,5.7,0.23,0.25,7.95,0.042,16.0,108.0,0.9948600000000001,3.44,0.61,10.3,6,0
6329,red,7.6,0.43,0.31,2.1,0.069,13.0,74.0,0.9958,3.26,0.54,9.9,6,0
6419,red,6.9,0.48,0.2,1.9,0.08199999999999999,9.0,23.0,0.99585,3.39,0.43,9.05,4,0
6443,red,6.5,0.63,0.33,1.8,0.059000000000000004,16.0,28.0,0.99531,3.36,0.64,10.1,6,0
1994,white,7.0,0.28,0.33,14.6,0.043,47.0,168.0,0.9994,3.34,0.67,8.8,6,0
5998,red,8.4,0.34,0.42,2.1,0.07200000000000001,23.0,36.0,0.99392,3.11,0.78,12.4,6,0
1042,white,7.3,0.49,0.32,5.2,0.043,18.0,104.0,0.9952,3.24,0.45,10.7,4,0
3942,white,7.2,0.23,0.39,1.5,0.053,26.0,106.0,0.99166,3.18,0.47,11.1,6,0
1150,white,6.9,0.32,0.17,7.6,0.042,69.0,219.0,0.9959,3.13,0.4,8.9,5,0
601,white,7.2,0.24,0.4,1.4,0.045,31.0,106.0,0.9914,2.88,0.38,10.8,6,0
5028,red,8.0,0.745,0.56,2.0,0.11800000000000001,30.0,134.0,0.9968,3.24,0.66,9.4,5,0
1560,white,7.8,0.3,0.74,1.8,0.033,33.0,156.0,0.991,3.29,0.52,12.8,6,0
4091,white,6.4,0.14,0.28,7.9,0.057,21.0,82.0,0.99425,3.26,0.36,10.0,6,0
3979,white,6.5,0.29,0.52,1.7,0.034,41.0,193.0,0.99223,3.25,0.59,10.4,6,0
6353,red,6.5,0.9,0.0,1.6,0.052000000000000005,9.0,17.0,0.99467,3.5,0.63,10.9,6,0
5652,red,7.8,0.48,0.68,1.7,0.415,14.0,32.0,0.99656,3.09,1.06,9.1,6,0
4212,white,6.6,0.31,0.37,6.2,0.052000000000000005,13.0,164.0,0.9960200000000001,3.24,0.39,8.8,4,0
4088,white,7.3,0.25,0.27,3.8,0.047,16.0,79.0,0.9917299999999999,3.07,0.46,11.3,6,0
5148,red,10.8,0.32,0.44,1.6,0.063,16.0,37.0,0.9985,3.22,0.78,10.0,6,0
1762,white,6.4,0.17,0.27,1.5,0.037000000000000005,20.0,98.0,0.9916,3.46,0.42,11.0,7,1
5944,red,7.6,0.78,0.0,1.7,0.076,33.0,45.0,0.9961200000000001,3.31,0.62,10.7,6,0
4671,white,4.9,0.335,0.14,1.3,0.036000000000000004,69.0,168.0,0.9921200000000001,3.47,0.46,10.46666667,5,0
6478,red,7.4,0.35,0.33,2.4,0.068,9.0,26.0,0.9947,3.36,0.6,11.9,6,0
37,white,7.0,0.33,0.32,1.2,0.053,38.0,138.0,0.9906,3.13,0.28,11.2,6,0
3349,white,6.4,0.17,0.27,9.9,0.047,26.0,101.0,0.9959600000000001,3.34,0.5,9.9,6,0
1354,white,7.8,0.13,0.3,1.8,0.04,43.0,179.0,0.9955,3.43,0.41,9.0,5,0
2412,white,6.3,0.38,0.17,8.8,0.08,50.0,212.0,0.99803,3.47,0.66,9.4,4,0
2407,white,7.6,0.31,0.27,5.8,0.036000000000000004,23.0,109.0,0.9939899999999999,3.34,0.54,11.0,6,0
4395,white,6.6,0.24,0.22,12.3,0.051,35.0,146.0,0.9967600000000001,3.1,0.67,9.4,5,0
4246,white,5.7,0.18,0.26,2.2,0.023,21.0,95.0,0.9893,3.07,0.54,12.3,6,0
348,white,7.8,0.18,0.46,13.6,0.052000000000000005,38.0,118.0,0.998,3.15,0.5,10.0,6,0
4861,white,5.5,0.31,0.29,3.0,0.027000000000000003,16.0,102.0,0.99067,3.23,0.56,11.2,6,0
5426,red,8.2,0.42,0.49,2.6,0.084,32.0,55.0,0.9988,3.34,0.75,8.7,6,0
1805,white,7.5,0.33,0.39,12.4,0.065,29.0,119.0,0.9974,3.16,0.39,9.4,5,0
4518,white,9.0,0.2,0.33,3.5,0.049,10.0,40.0,0.9944,3.14,0.36,9.8,6,0
3350,white,7.2,0.22,0.28,7.2,0.06,41.0,132.0,0.9935,3.08,0.59,11.3,6,0
4217,white,6.1,0.38,0.14,3.9,0.06,27.0,113.0,0.99344,3.07,0.34,9.2,4,0
504,white,7.8,0.18,0.31,12.2,0.053,46.0,140.0,0.998,3.06,0.53,8.9,6,0
1239,white,10.3,0.25,0.48,2.2,0.042,28.0,164.0,0.998,3.19,0.59,9.7,5,0
4891,white,5.7,0.21,0.32,0.9,0.038,38.0,121.0,0.99074,3.24,0.46,10.6,6,0
5722,red,7.1,0.48,0.28,2.8,0.068,6.0,16.0,0.99682,3.24,0.53,10.3,5,0
1961,white,9.5,0.21,0.47,1.3,0.039,21.0,123.0,0.9959,2.9,0.64,9.5,5,0
4254,white,7.5,0.29,0.24,9.9,0.057999999999999996,25.0,115.0,0.99567,3.15,0.46,10.9,5,0
357,white,6.1,0.36,0.33,1.1,0.05,24.0,169.0,0.9927,3.15,0.78,9.5,6,0
2871,white,6.7,0.15,0.38,1.7,0.037000000000000005,20.0,84.0,0.99046,3.09,0.53,11.4,6,0
471,white,6.5,0.38,0.34,3.4,0.036000000000000004,34.0,200.0,0.9937,3.14,0.76,10.0,5,0
4221,white,6.3,0.28,0.34,8.1,0.038,44.0,129.0,0.9924799999999999,3.26,0.29,12.1,6,0
2129,white,6.8,0.28,0.39,1.4,0.036000000000000004,15.0,115.0,0.9918,3.27,0.72,11.7,5,0
2106,white,8.5,0.24,0.47,15.2,0.057,40.0,234.0,1.0005,3.02,0.66,9.0,5,0
3846,white,6.7,0.24,0.32,9.0,0.023,20.0,109.0,0.9926200000000001,3.34,0.35,12.6,6,0
3702,white,7.5,0.24,0.31,13.1,0.05,26.0,180.0,0.99884,3.05,0.53,9.1,6,0
1389,white,8.1,0.19,0.4,0.9,0.037000000000000005,73.0,180.0,0.9926,3.06,0.34,10.0,6,0
5486,red,5.0,0.42,0.24,2.0,0.06,19.0,50.0,0.9917,3.72,0.74,14.0,8,1
5370,red,12.5,0.37,0.55,2.6,0.083,25.0,68.0,0.9995,3.15,0.82,10.4,6,0
3985,white,6.8,0.11,0.27,8.6,0.044000000000000004,45.0,104.0,0.99454,3.2,0.37,9.9,6,0
6383,red,7.0,0.655,0.16,2.1,0.07400000000000001,8.0,25.0,0.9960600000000001,3.37,0.55,9.7,5,0
3586,white,5.8,0.28,0.28,4.2,0.044000000000000004,52.0,158.0,0.992,3.35,0.44,10.7,7,1
1976,white,6.8,0.28,0.37,7.0,0.057,35.0,208.0,0.9973,3.57,0.55,10.2,5,0
2590,white,6.9,0.13,0.28,13.3,0.05,47.0,132.0,0.99655,3.34,0.42,10.1,6,0
3576,white,7.4,0.28,0.36,14.6,0.048,35.0,161.0,0.9968,3.14,0.56,10.6,5,0
1363,white,6.9,0.32,0.16,1.4,0.051,15.0,96.0,0.9940000000000001,3.22,0.38,9.5,4,0
2325,white,7.0,0.35,0.17,1.1,0.049,7.0,119.0,0.99297,3.13,0.36,9.7,6,0
3565,white,8.0,0.25,0.27,9.7,0.036000000000000004,15.0,85.0,0.99406,2.99,0.36,11.2,6,0
927,white,6.7,0.25,0.33,2.9,0.057,52.0,173.0,0.9934,3.02,0.48,9.5,7,1
3697,white,6.8,0.15,0.41,12.9,0.044000000000000004,79.5,182.0,0.9974200000000001,3.24,0.78,10.2,6,0
2296,white,6.9,0.28,0.31,7.2,0.04,47.0,168.0,0.9946,3.29,0.57,10.6,7,1
5167,red,11.5,0.18,0.51,4.0,0.10400000000000001,4.0,23.0,0.9996,3.28,0.97,10.1,6,0
4603,white,5.0,0.33,0.18,4.6,0.032,40.0,124.0,0.9911399999999999,3.18,0.4,11.0,6,0
643,white,6.4,0.24,0.28,11.5,0.05,34.0,163.0,0.9969,3.31,0.45,9.5,5,0
4416,white,5.7,0.24,0.47,6.3,0.069,35.0,182.0,0.9939100000000001,3.11,0.46,9.75,5,0
4484,white,5.8,0.555,0.26,4.5,0.053,17.0,126.0,0.9943,3.24,0.46,9.1,5,0
3577,white,7.3,0.23,0.27,2.6,0.035,39.0,120.0,0.9913799999999999,3.04,0.59,11.3,7,1
4437,white,6.5,0.29,0.3,9.15,0.051,25.0,166.0,0.99339,3.24,0.56,11.35,6,0
6473,red,7.5,0.52,0.4,2.2,0.06,12.0,20.0,0.99474,3.26,0.64,11.8,6,0
230,white,6.8,0.64,0.08,9.7,0.062,26.0,142.0,0.9972,3.37,0.46,8.9,4,0
1775,white,7.7,0.49,1.0,19.6,0.03,28.0,135.0,0.9973,3.24,0.4,12.0,6,0
4823,white,6.5,0.28,0.34,4.6,0.054000000000000006,22.0,130.0,0.99193,3.2,0.46,12.0,7,1
3582,white,6.3,0.32,0.32,1.5,0.037000000000000005,12.0,76.0,0.98993,3.3,0.46,12.3,6,0
619,white,7.4,0.19,0.3,1.4,0.057,33.0,135.0,0.993,3.12,0.5,9.6,6,0
2345,white,8.1,0.24,0.26,11.0,0.043,41.0,211.0,0.9967600000000001,3.11,0.49,10.0,6,0
3330,white,6.7,0.23,0.33,8.1,0.048,45.0,176.0,0.99472,3.11,0.52,10.1,6,0
4223,white,5.3,0.43,0.11,1.1,0.028999999999999998,6.0,51.0,0.9907600000000001,3.51,0.48,11.2,4,0
3404,white,5.8,0.18,0.28,1.3,0.034,9.0,94.0,0.99092,3.21,0.52,11.2,6,0
79,white,6.7,0.54,0.28,5.4,0.06,21.0,105.0,0.9949,3.27,0.37,9.0,5,0
2798,white,6.9,0.31,0.32,1.6,0.036000000000000004,34.0,114.0,0.9906799999999999,3.19,0.45,11.4,7,1
1059,white,5.3,0.3,0.2,1.1,0.077,48.0,166.0,0.9944,3.3,0.54,8.7,4,0
479,white,6.3,0.22,0.33,1.7,0.040999999999999995,67.0,164.0,0.9928,3.32,0.56,10.4,6,0
806,white,6.4,0.31,0.26,13.2,0.046,57.0,205.0,0.9975,3.17,0.41,9.6,5,0
1995,white,8.4,0.2,0.38,11.8,0.055,51.0,170.0,1.0004,3.34,0.82,8.9,6,0
2398,white,8.0,0.36,0.39,1.6,0.024,26.0,93.0,0.99116,3.15,0.49,11.9,6,0
6177,red,9.8,0.3,0.39,1.7,0.062,3.0,9.0,0.9948,3.14,0.57,11.5,7,1
3524,white,5.3,0.36,0.27,6.3,0.027999999999999997,40.0,132.0,0.9918600000000001,3.37,0.4,11.6,6,0
1621,white,8.9,0.32,0.49,1.6,0.05,17.0,131.0,0.9956,3.13,0.34,9.4,5,0
175,white,6.9,0.23,0.4,7.5,0.04,50.0,151.0,0.9927,3.11,0.27,11.4,6,0
5578,red,13.3,0.43,0.58,1.9,0.07,15.0,40.0,1.0004,3.06,0.49,9.0,5,0
2664,white,6.2,0.21,0.34,6.6,0.03,36.0,91.0,0.9914,3.32,0.45,12.5,7,1
123,white,6.9,0.19,0.28,5.0,0.057999999999999996,14.0,146.0,0.9952,3.29,0.36,9.1,6,0
196,white,6.4,0.29,0.44,3.6,0.19699999999999998,75.0,183.0,0.9942,3.01,0.38,9.1,5,0
6197,red,7.6,1.58,0.0,2.1,0.13699999999999998,5.0,9.0,0.9947600000000001,3.5,0.4,10.9,3,0
4562,white,5.6,0.18,0.3,10.2,0.027999999999999997,28.0,131.0,0.9954,3.49,0.42,10.8,7,1
4746,white,6.3,0.23,0.5,10.4,0.043,61.0,132.0,0.9954200000000001,2.86,0.46,9.1,6,0
3684,white,6.8,0.31,0.3,8.0,0.027999999999999997,33.0,122.0,0.99164,3.13,0.63,12.6,7,1
3545,white,7.3,0.2,0.29,19.5,0.039,69.0,237.0,1.00037,3.1,0.48,9.2,6,0
2361,white,8.2,0.25,0.46,3.75,0.05,14.0,102.0,0.99524,3.28,0.58,9.7,5,0
58,white,6.6,0.38,0.15,4.6,0.044000000000000004,25.0,78.0,0.9931,3.11,0.38,10.2,6,0
4220,white,6.0,0.19,0.29,1.2,0.046,29.0,92.0,0.9903299999999999,3.22,0.53,11.3,6,0
2619,white,6.6,0.35,0.35,6.0,0.063,31.0,150.0,0.9953700000000001,3.1,0.47,9.4,6,0
3902,white,6.1,0.22,0.38,2.8,0.14400000000000002,12.0,65.0,0.9908,2.95,0.64,11.4,6,0
3105,white,7.7,0.26,0.51,2.6,0.045,26.0,159.0,0.99126,3.0,0.5,11.2,6,0
2200,white,6.4,0.24,0.23,7.3,0.069,31.0,157.0,0.9962,3.25,0.53,9.1,5,0
5033,red,8.4,0.745,0.11,1.9,0.09,16.0,63.0,0.9965,3.19,0.82,9.6,5,0
821,white,7.3,0.655,0.2,10.2,0.071,28.0,212.0,0.9971,2.96,0.58,9.2,6,0
2307,white,6.8,0.21,0.55,14.6,0.053,34.0,159.0,0.99805,2.93,0.44,9.2,5,0
2093,white,6.6,0.22,0.53,15.1,0.052000000000000005,22.0,136.0,0.9986,2.94,0.35,9.4,5,0
3658,white,5.8,0.275,0.3,5.4,0.043,41.0,149.0,0.9926,3.33,0.42,10.8,7,1
4375,white,6.0,0.32,0.32,4.8,0.040999999999999995,40.0,186.0,0.99235,3.22,0.54,11.0,6,0
6005,red,9.1,0.3,0.41,2.0,0.068,10.0,24.0,0.99523,3.27,0.85,11.7,7,1
3498,white,6.4,0.3,0.36,2.0,0.052000000000000005,18.0,141.0,0.9927299999999999,3.38,0.53,10.5,6,0
4187,white,5.9,0.24,0.34,2.0,0.037000000000000005,40.0,108.0,0.9894799999999999,3.19,0.5,12.3,6,0
543,white,6.7,0.24,0.41,8.7,0.036000000000000004,29.0,148.0,0.9952,3.22,0.62,9.9,6,0
4371,white,7.0,0.23,0.28,2.7,0.053,16.0,92.0,0.99372,3.18,0.56,9.3,5,0
5502,red,8.3,0.58,0.13,2.9,0.096,14.0,63.0,0.9984,3.17,0.62,9.1,6,0
68,white,6.7,0.23,0.31,2.1,0.046,30.0,96.0,0.9926,3.33,0.64,10.7,8,1
5385,red,10.2,0.645,0.36,1.8,0.053,5.0,14.0,0.9982,3.17,0.42,10.0,6,0
2008,white,7.2,0.15,0.39,1.8,0.043,21.0,159.0,0.9948,3.52,0.47,10.0,5,0
1858,white,8.9,0.33,0.34,1.4,0.055999999999999994,14.0,171.0,0.9946,3.13,0.47,9.7,5,0
482,white,5.8,0.25,0.24,13.3,0.044000000000000004,41.0,137.0,0.9972,3.34,0.42,9.5,5,0
51,white,6.6,0.25,0.29,1.1,0.068,39.0,124.0,0.9914,3.34,0.58,11.0,7,1
1468,white,6.5,0.24,0.24,1.6,0.046,15.0,60.0,0.9928,3.19,0.39,9.8,5,0
6162,red,8.5,0.37,0.32,1.8,0.066,26.0,51.0,0.99456,3.38,0.72,11.8,6,0
1391,white,6.2,0.16,0.47,1.4,0.028999999999999998,23.0,81.0,0.99,3.26,0.42,12.2,6,0
1155,white,7.6,0.33,0.36,2.1,0.034,26.0,172.0,0.9944,3.42,0.48,10.5,4,0
2441,white,7.2,0.2,0.28,1.6,0.027999999999999997,13.0,168.0,0.99203,3.17,1.06,11.5,6,0
4229,white,6.3,0.26,0.25,5.2,0.046,11.0,133.0,0.9920200000000001,2.97,0.68,11.0,6,0
506,white,7.3,0.51,0.26,3.3,0.09,7.0,135.0,0.9944,3.01,0.52,8.8,5,0
3969,white,6.4,0.17,0.3,2.8,0.034,33.0,125.0,0.9915200000000001,3.03,0.49,10.4,6,0
730,white,6.5,0.23,0.33,13.8,0.042,25.0,139.0,0.99695,3.35,0.56,10.4,6,0
3511,white,6.5,0.19,0.28,1.4,0.046,22.0,90.0,0.9903799999999999,3.18,0.51,11.7,7,1
5808,red,9.3,0.38,0.48,3.8,0.132,3.0,11.0,0.99577,3.23,0.57,13.2,6,0
1648,white,7.1,0.3,0.49,1.6,0.045,31.0,100.0,0.9942,3.4,0.59,10.2,5,0
218,white,5.7,0.28,0.24,17.5,0.044000000000000004,60.0,167.0,0.9989,3.31,0.44,9.4,5,0
1425,white,6.8,0.22,0.49,0.9,0.052000000000000005,26.0,128.0,0.991,3.25,0.35,11.4,6,0
3401,white,8.8,0.19,0.3,5.0,0.027999999999999997,34.0,120.0,0.9924200000000001,2.94,0.47,11.2,5,0
2411,white,8.0,0.27,0.25,19.1,0.045,50.0,208.0,1.00051,3.05,0.5,9.2,6,0
3824,white,7.3,0.24,0.3,2.5,0.042,31.0,104.0,0.9911,3.05,0.56,11.3,7,1
6027,red,10.5,0.43,0.35,3.3,0.092,24.0,70.0,0.99798,3.21,0.69,10.5,6,0
187,white,5.9,0.3,0.23,4.2,0.038,42.0,119.0,0.9924,3.15,0.5,11.0,5,0
2892,white,6.7,0.42,0.46,9.7,0.054000000000000006,67.0,234.0,0.9984799999999999,3.23,0.5,9.0,5,0
5413,red,8.5,0.655,0.49,6.1,0.122,34.0,151.0,1.001,3.31,1.14,9.3,5,0
44,white,6.7,0.23,0.26,1.4,0.06,33.0,154.0,0.9934,3.24,0.56,9.5,6,0
1002,white,6.4,0.28,0.43,7.1,0.045,60.0,221.0,0.9952,3.09,0.45,9.4,6,0
2667,white,6.6,0.12,0.25,1.4,0.039,21.0,131.0,0.9911399999999999,3.2,0.45,11.2,7,1
6295,red,7.3,0.59,0.26,2.0,0.08,17.0,104.0,0.99584,3.28,0.52,9.9,5,0
513,white,7.4,0.36,0.33,1.4,0.025,27.0,55.0,0.9915,3.21,0.33,11.2,6,0
5200,red,8.3,0.705,0.12,2.6,0.092,12.0,28.0,0.9994,3.51,0.72,10.0,5,0
465,white,6.3,0.21,0.58,10.0,0.081,34.0,126.0,0.9962,2.95,0.46,8.9,5,0
2508,white,6.6,0.26,0.25,11.6,0.045,45.0,178.0,0.9969100000000001,3.33,0.43,9.8,6,0
456,white,6.3,0.23,0.31,1.5,0.022000000000000002,11.0,82.0,0.9892,3.3,0.4,12.9,7,1
2002,white,7.6,0.17,0.35,1.6,0.047,43.0,154.0,0.9934,3.36,0.69,11.1,6,0
4934,red,7.8,0.6,0.14,2.4,0.086,3.0,15.0,0.9975,3.42,0.6,10.8,6,0
792,white,6.4,0.46,0.08,4.9,0.046,34.0,144.0,0.99445,3.1,0.56,10.0,5,0
5815,red,6.8,0.41,0.31,8.8,0.084,26.0,45.0,0.99824,3.38,0.64,10.1,6,0
899,white,6.8,0.18,0.28,8.5,0.047,52.0,242.0,0.9952,3.22,0.53,10.5,6,0
4499,white,5.2,0.38,0.26,7.7,0.053,20.0,103.0,0.9925,3.27,0.45,12.2,6,0
177,white,5.9,0.23,0.3,12.9,0.054000000000000006,57.0,170.0,0.9972,3.28,0.39,9.4,5,0
539,white,6.8,0.25,0.24,4.55,0.053,41.0,211.0,0.9955,3.37,0.67,9.5,6,0
4962,red,7.2,0.725,0.05,4.65,0.086,4.0,11.0,0.9962,3.41,0.39,10.9,5,0
835,white,7.5,0.42,0.34,4.3,0.04,34.0,108.0,0.99155,3.14,0.45,12.8,8,1
5083,red,8.9,0.31,0.57,2.0,0.111,26.0,85.0,0.9971,3.26,0.53,9.7,5,0
3334,white,6.6,0.425,0.25,2.35,0.034,23.0,87.0,0.99082,3.05,0.41,11.4,6,0
731,white,6.2,0.25,0.48,10.0,0.044000000000000004,78.0,240.0,0.99655,3.25,0.47,9.5,6,0
2591,white,6.7,0.34,0.3,8.5,0.059000000000000004,24.0,152.0,0.99615,3.46,0.64,11.0,7,1
4993,red,4.7,0.6,0.17,2.3,0.057999999999999996,17.0,106.0,0.9932,3.85,0.6,12.9,6,0
3316,white,5.8,0.18,0.37,1.1,0.036000000000000004,31.0,96.0,0.9894200000000001,3.16,0.48,12.0,6,0
2184,white,6.4,0.33,0.24,9.8,0.040999999999999995,29.0,109.0,0.9956,3.29,0.47,10.1,6,0
5860,red,6.6,0.57,0.02,2.1,0.115,6.0,16.0,0.99654,3.38,0.69,9.5,5,0
3331,white,6.8,0.23,0.32,8.6,0.046,47.0,159.0,0.9945200000000001,3.08,0.52,10.5,6,0
5436,red,12.9,0.35,0.49,5.8,0.066,5.0,35.0,1.0014,3.2,0.66,12.0,7,1
6204,red,9.7,0.69,0.32,2.5,0.08800000000000001,22.0,91.0,0.9979,3.29,0.62,10.1,5,0
6138,red,7.5,0.61,0.2,1.7,0.076,36.0,60.0,0.9949399999999999,3.1,0.4,9.3,5,0
2096,white,6.8,0.32,0.34,6.0,0.05,5.0,129.0,0.9953,3.19,0.4,9.1,5,0
5394,red,7.8,0.52,0.25,1.9,0.081,14.0,38.0,0.9984,3.43,0.65,9.0,6,0
5557,red,7.1,0.84,0.02,4.4,0.096,5.0,13.0,0.997,3.41,0.57,11.0,4,0
5058,red,7.6,0.95,0.03,2.0,0.09,7.0,20.0,0.9959,3.2,0.56,9.6,5,0
4320,white,6.4,0.26,0.35,7.7,0.055999999999999994,45.0,191.0,0.9952700000000001,3.16,0.5,9.5,5,0
5662,red,9.1,0.68,0.11,2.8,0.09300000000000001,11.0,44.0,0.9988799999999999,3.31,0.55,9.5,6,0
4802,white,5.8,0.28,0.34,2.2,0.037000000000000005,24.0,125.0,0.9898600000000001,3.36,0.33,12.8,8,1
552,white,7.8,0.28,0.34,1.6,0.027999999999999997,32.0,118.0,0.9901,3.0,0.38,12.1,7,1
5313,red,8.6,0.725,0.24,6.6,0.11699999999999999,31.0,134.0,1.0014,3.32,1.07,9.3,5,0
1692,white,7.0,0.24,0.3,4.2,0.04,41.0,213.0,0.9927,3.28,0.49,11.8,6,0
4885,white,6.6,0.34,0.4,8.1,0.046,68.0,170.0,0.9949399999999999,3.15,0.5,9.55,6,0
5402,red,10.5,0.24,0.42,1.8,0.077,6.0,22.0,0.9976,3.21,1.05,10.8,7,1
1613,white,8.0,0.14,0.49,1.5,0.035,42.0,120.0,0.9928,3.26,0.4,10.6,7,1
2306,white,5.6,0.295,0.2,2.2,0.049,18.0,134.0,0.9937799999999999,3.21,0.68,10.0,5,0
1578,white,6.4,0.18,0.74,11.9,0.046,54.0,168.0,0.9978,3.58,0.68,10.1,5,0
1467,white,7.1,0.25,0.49,3.0,0.03,30.0,96.0,0.9903,3.13,0.39,12.3,7,1
1312,white,9.6,0.25,0.54,1.3,0.04,16.0,160.0,0.9938,2.94,0.43,10.5,5,0
946,white,8.2,0.345,1.0,18.2,0.047,55.0,205.0,0.99965,2.96,0.43,9.6,5,0
2099,white,6.0,0.16,0.3,6.7,0.043,43.0,153.0,0.9951,3.63,0.46,10.6,5,0
470,white,8.6,0.37,0.7,12.15,0.039,21.0,158.0,0.9983,3.0,0.73,9.3,6,0
2770,white,6.4,0.44,0.44,14.4,0.048,29.0,228.0,0.99955,3.26,0.54,8.8,7,1
5805,red,6.1,0.56,0.0,2.2,0.079,6.0,9.0,0.9948,3.59,0.54,11.5,6,0
4572,white,5.6,0.22,0.32,1.2,0.024,29.0,97.0,0.9882299999999999,3.2,0.46,13.05,7,1
4987,red,7.0,0.62,0.08,1.8,0.076,8.0,24.0,0.9978,3.48,0.53,9.0,5,0
1292,white,6.2,0.17,0.3,1.1,0.037000000000000005,14.0,79.0,0.993,3.5,0.54,10.3,6,0
1098,white,6.5,0.29,0.25,10.6,0.039,32.0,120.0,0.9962,3.31,0.34,10.1,6,0
5388,red,9.3,0.775,0.27,2.8,0.078,24.0,56.0,0.9984,3.31,0.67,10.6,6,0
6032,red,8.5,0.28,0.35,1.7,0.061,6.0,15.0,0.99524,3.3,0.74,11.8,7,1
1077,white,7.8,0.26,0.44,1.3,0.037000000000000005,43.0,132.0,0.9944,3.18,0.65,10.0,5,0
6447,red,7.4,0.36,0.3,1.8,0.07400000000000001,17.0,24.0,0.99419,3.24,0.7,11.4,8,1
788,white,5.8,0.34,0.16,7.0,0.037000000000000005,26.0,116.0,0.9949,3.46,0.45,10.0,7,1
6319,red,7.5,0.4,0.18,1.6,0.079,24.0,58.0,0.9965,3.34,0.58,9.4,5,0
6296,red,7.0,0.6,0.12,2.2,0.083,13.0,28.0,0.9966,3.52,0.62,10.2,7,1
2404,white,9.8,0.16,0.46,1.8,0.046,23.0,130.0,0.99587,3.04,0.67,9.6,5,0
3328,white,6.4,0.24,0.29,1.0,0.038,18.0,122.0,0.9906,3.3,0.42,11.5,5,0
5146,red,7.7,0.53,0.06,1.7,0.07400000000000001,9.0,39.0,0.99615,3.35,0.48,9.8,6,0
4267,white,6.0,0.29,0.27,2.3,0.044000000000000004,20.0,117.0,0.9895,3.31,0.41,12.7,7,1
1341,white,7.6,0.54,0.23,2.0,0.028999999999999998,13.0,151.0,0.9931,3.04,0.33,10.4,5,0
3181,white,8.3,0.16,0.37,7.9,0.025,38.0,107.0,0.99306,2.93,0.37,11.9,6,0
999,white,7.6,0.21,0.6,2.1,0.046,47.0,165.0,0.9936,3.05,0.54,10.1,7,1
347,white,6.7,0.19,0.41,15.6,0.055999999999999994,75.0,155.0,0.9995,3.2,0.44,8.8,6,0
1220,white,6.4,0.23,0.33,1.15,0.044000000000000004,15.5,217.5,0.992,3.33,0.44,11.0,6,0
361,white,7.1,0.365,0.14,1.2,0.055,24.0,84.0,0.9941,3.15,0.43,8.9,5,0
4849,white,6.4,0.33,0.44,8.9,0.055,52.0,164.0,0.9948799999999999,3.1,0.48,9.6,5,0
5954,red,8.9,0.48,0.53,4.0,0.10099999999999999,3.0,10.0,0.9958600000000001,3.21,0.59,12.1,7,1
2165,white,7.0,0.35,0.31,1.8,0.069,15.0,162.0,0.9944,3.18,0.47,9.4,5,0
5301,red,11.4,0.6,0.49,2.7,0.085,10.0,41.0,0.9994,3.15,0.63,10.5,6,0
4643,white,6.5,0.21,0.35,5.7,0.043,47.0,197.0,0.99392,3.24,0.5,10.1,6,0
1375,white,6.2,0.3,0.32,1.7,0.032,30.0,130.0,0.9911,3.28,0.41,11.2,7,1
6290,red,7.1,0.62,0.06,1.3,0.07,5.0,12.0,0.9942,3.17,0.48,9.8,5,0
2187,white,6.8,0.25,0.18,1.4,0.055999999999999994,13.0,137.0,0.9935,3.11,0.42,9.5,5,0
5431,red,10.3,0.27,0.24,2.1,0.07200000000000001,15.0,33.0,0.9956,3.22,0.66,12.8,6,0
1361,white,6.0,0.13,0.28,5.7,0.038,56.0,189.5,0.9948,3.59,0.43,10.6,7,1
32,white,7.4,0.25,0.36,2.05,0.05,31.0,100.0,0.992,3.19,0.44,10.8,6,0
2783,white,7.1,0.2,0.31,7.4,0.053,32.0,211.0,0.99587,3.31,0.59,10.4,6,0
1595,white,6.4,0.27,0.49,7.3,0.046,53.0,206.0,0.9956,3.24,0.43,9.2,6,0
3472,white,6.7,0.16,0.36,2.0,0.045,24.0,131.0,0.99284,3.3,0.59,10.5,6,0
1686,white,7.4,0.26,0.37,9.4,0.047,42.0,147.0,0.9982,3.46,0.72,10.0,5,0
2630,white,5.9,0.445,0.26,1.4,0.027000000000000003,23.0,109.0,0.9914799999999999,3.3,0.36,10.5,6,0
